deal-portrait href,deal-image src,label,label 2,title,count,short,old,new,discount
https://www.cobone.com/en/deals/food-dining-dubai/1-sushi-sashimi-teppanyaki-minato-radisson-blu/149198,https://cdn.cobone.com/deals/uae/149198/1..webp?v=58,Deira,2612 Bought,"Unlimited Sushi,Sashimi,Teppanyaki @ Radisson",32,Dinner at Minato,225,119,47%
https://www.cobone.com/en/deals/food-dining-dubai/1-weekend-brunch-pool-emirates-grand-hotel/167858,https://cdn.cobone.com/deals/uae/141632/1-weekend-brunch-pool-emirates-grand-hotel.jpg?v=10,Sheikh Zayed Road,506 Bought,Weekend Brunch & Pool at Emirates Grand Hotel,4,Saturday & Sunday buffet with beverages!,120,69,43%
https://www.cobone.com/en/deals/food-dining-dubai/1-breakfast-buffet-pool-the-manor-1-adult/169364,https://cdn.cobone.com/deals/uae/169364/1.webp?v=10,Al Furjan,1 Bought,Breakfast and Pool Access at The Manor by JA,7.03030303,Valid for up to 4 people!,115,65,43%
https://www.cobone.com/en/deals/food-dining-dubai/1-5star-iftar-buffet-stella-di-mare/173064,https://cdn.cobone.com/deals/uae/173064/72-f.webp?v=14,Dubai Marina,47 Bought,FLASH SALE! 5* Iftar at Stella Di Mare Marina,7.03030303,With beverages for up to 4 adults,169,99,41%
https://www.cobone.com/en/deals/food-dining-dubai/1-breakfast-buffet-studio-m-deira-1-adult/175529,"data:image/png;base64,iVBORw0KGgoAAAANSUhEUgAAAAEAAAABCAQAAAC1HAwCAAAAC0lEQVR42mP8Xw8AAoMBgDTD2qgAAAAASUVORK5CYII=",Deira,5 Bought,FLASH SALE| Studio M Arabian Plaza Breakfast,7.03030303,Unlimited Ramadan drinks included,55,25,55%
https://www.cobone.com/en/deals/food-dining-dubai/1-iftar-buffet-arjaan-by-rotana/170276,"data:image/png;base64,iVBORw0KGgoAAAANSUhEUgAAAAEAAAABCAQAAAC1HAwCAAAAC0lEQVR42mP8Xw8AAoMBgDTD2qgAAAAASUVORK5CYII=",Dubai Media City,48 Bought,Iftar Buffet at Arjaan by Rotana Media City,7.03030303,Valid at Skylight Restaurant,179,149,17%
https://www.cobone.com/en/deals/food-dining-dubai/1-arabic-suhoor-menu-he-hotel-1-adult/170963,"data:image/png;base64,iVBORw0KGgoAAAANSUhEUgAAAAEAAAABCAQAAAC1HAwCAAAAC0lEQVR42mP8Xw8AAoMBgDTD2qgAAAAASUVORK5CYII=",Jumeirah Village Circle,2 Bought,Arabic Suhoor at HE Hotel Apartments,7.03030303,"With dates, Ramadan juices, and more!",49,39,20%
https://www.cobone.com/en/deals/food-dining-dubai/1-staycation-iftar-or-suhoor-single-grand-central/170992,"data:image/png;base64,iVBORw0KGgoAAAANSUhEUgAAAAEAAAABCAQAAAC1HAwCAAAAC0lEQVR42mP8Xw8AAoMBgDTD2qgAAAAASUVORK5CYII=",Deira,0 Bought,Staycation + Iftar or Suhoor at Grand Central,7.03030303,Valid during the holy month of Ramadan,250,199,20%
https://www.cobone.com/en/deals/food-dining-dubai/1-international-iftar-buffet-novotel-suites-moe/170434,"data:image/png;base64,iVBORw0KGgoAAAANSUhEUgAAAAEAAAABCAQAAAC1HAwCAAAAC0lEQVR42mP8Xw8AAoMBgDTD2qgAAAAASUVORK5CYII=",Al Barsha / TECOM,16 Bought,International Iftar at Novotel Suites MOE,7.03030303,Valid from 11th to 30th day of Ramadan,170,110,35%
https://www.cobone.com/en/deals/food-dining-dubai/1-arabic-iftar-buffet-sheraton-creek-1-adult/170588,"data:image/png;base64,iVBORw0KGgoAAAANSUhEUgAAAAEAAAABCAQAAAC1HAwCAAAAC0lEQVR42mP8Xw8AAoMBgDTD2qgAAAAASUVORK5CYII=",Deira,54 Bought,5* Iftar Buffet at Sheraton Dubai Creek Hotel,7.03030303,"With live stations, Ramadan juices and more",179,129,28%
https://www.cobone.com/en/deals/food-dining-dubai/1-arabic-iftar-buffet-novotel-al-barsha/170850,"data:image/png;base64,iVBORw0KGgoAAAANSUhEUgAAAAEAAAABCAQAAAC1HAwCAAAAC0lEQVR42mP8Xw8AAoMBgDTD2qgAAAAASUVORK5CYII=",Al Barsha / TECOM,171 Bought,Moroccan Iftar @Novotel Dubai Al Barsha Hotel,7.03030303,Valid from 8th to 30th day of Ramadan,160,119,26%
https://www.cobone.com/en/deals/food-dining-dubai/1-iftar-buffet-ibis-barsha-hotel/170856,"data:image/png;base64,iVBORw0KGgoAAAANSUhEUgAAAAEAAAABCAQAAAC1HAwCAAAAC0lEQVR42mP8Xw8AAoMBgDTD2qgAAAAASUVORK5CYII=",Al Barsha / TECOM,402 Bought,Iftar Buffet at Ibis Dubai Al Barsha,7.03030303,Valid from 8th to 30th day of Ramadan,95,65,32%
https://www.cobone.com/en/deals/food-dining-dubai/1-arabic-international-iftar-md-hotel-1-adult/170871,"data:image/png;base64,iVBORw0KGgoAAAANSUhEUgAAAAEAAAABCAQAAAC1HAwCAAAAC0lEQVR42mP8Xw8AAoMBgDTD2qgAAAAASUVORK5CYII=",Al Barsha / TECOM,2 Bought,International Iftar Buffet at MD Hotel,7.03030303,"With Lamb Ouzi, Grills, Um Ali & more",99,79,20%
https://www.cobone.com/en/deals/food-dining-dubai/1-iftar-buffet-crystal-plaza-almajaz/171262,"data:image/png;base64,iVBORw0KGgoAAAANSUhEUgAAAAEAAAABCAQAAAC1HAwCAAAAC0lEQVR42mP8Xw8AAoMBgDTD2qgAAAAASUVORK5CYII=",Al Majaz,11 Bought,Iftar Buffet at Crystal Plaza Al Majaz,7.03030303,Valid during the Holy Month of Ramadan,89,59,34%
https://www.cobone.com/en/deals/food-dining-dubai/1-arabic-iftar-buffet-copthorne-lakeview-1-adult/171292,"data:image/png;base64,iVBORw0KGgoAAAANSUhEUgAAAAEAAAABCAQAAAC1HAwCAAAAC0lEQVR42mP8Xw8AAoMBgDTD2qgAAAAASUVORK5CYII=",Green Community,21 Bought,Arabic Iftar at Copthorne Lakeview,7.03030303,Buffet with unlimited Ramadan beverages!,149,119,20%
https://www.cobone.com/en/deals/food-dining-dubai/1-arabic-iftar-tent-novotel-fujairah-1-adult/171309,"data:image/png;base64,iVBORw0KGgoAAAANSUhEUgAAAAEAAAABCAQAAAC1HAwCAAAAC0lEQVR42mP8Xw8AAoMBgDTD2qgAAAAASUVORK5CYII=",Fujairah,11 Bought,Novotel Fujairah Iftar Buffet,7.03030303,Arabic buffet with Ramadan juices,149,99,34%
https://www.cobone.com/en/deals/food-dining-dubai/1-arabic-suhoor-buffet-novotel-fujairah-1-adult/171312,"data:image/png;base64,iVBORw0KGgoAAAANSUhEUgAAAAEAAAABCAQAAAC1HAwCAAAAC0lEQVR42mP8Xw8AAoMBgDTD2qgAAAAASUVORK5CYII=",Fujairah,0 Bought,Suhoor Buffet at Novotel Fujairah,7.03030303,Arabic buffet with Ramadan juices,90,55,39%
https://www.cobone.com/en/deals/food-dining-dubai/1-arabic-international-iftar-buffet-grand-stay/171324,"data:image/png;base64,iVBORw0KGgoAAAANSUhEUgAAAAEAAAABCAQAAAC1HAwCAAAAC0lEQVR42mP8Xw8AAoMBgDTD2qgAAAAASUVORK5CYII=",Sheikh Zayed Road,0 Bought,Traditional Iftar Buffet at Grand Stay Hotel,7.03030303,Includes unlimited Ramadan juices and water,192,144,25%
https://www.cobone.com/en/deals/food-dining-dubai/1-5-star-iftar-buffet-fujairah-rotana/171493,"data:image/png;base64,iVBORw0KGgoAAAANSUhEUgAAAAEAAAABCAQAAAC1HAwCAAAAC0lEQVR42mP8Xw8AAoMBgDTD2qgAAAAASUVORK5CYII=",Fujairah,11 Bought,5-Star Iftar Buffet at Fujairah Rotana,7.03030303,Arabic & International buffet with drinks,149,119,20%
https://www.cobone.com/en/deals/food-dining-dubai/1-5-star-iftar-buffet-aljaddaf-rotana/171630,"data:image/png;base64,iVBORw0KGgoAAAANSUhEUgAAAAEAAAABCAQAAAC1HAwCAAAAC0lEQVR42mP8Xw8AAoMBgDTD2qgAAAAASUVORK5CYII=",Al Jaddaf,34 Bought,5* Iftar Buffet at Al Jaddaf Rotana Hotel,7.03030303,Valid daily at Timo Restaurant,200,159,20%
https://www.cobone.com/en/deals/food-dining-dubai/ramadan-iftar-buffet-regis-business-bay/171634,"data:image/png;base64,iVBORw0KGgoAAAANSUhEUgAAAAEAAAABCAQAAAC1HAwCAAAAC0lEQVR42mP8Xw8AAoMBgDTD2qgAAAAASUVORK5CYII=",Business Bay,8 Bought,Park Regis Business Bay Iftar buffet + Shisha,7.03030303,Valid during the holy month of Ramadan,145,119,18%
https://www.cobone.com/en/deals/food-dining-dubai/1-iftar-buffet-adult-foud-souk-park-regis/171843,"data:image/png;base64,iVBORw0KGgoAAAANSUhEUgAAAAEAAAABCAQAAAC1HAwCAAAAC0lEQVR42mP8Xw8AAoMBgDTD2qgAAAAASUVORK5CYII=",Business Bay,18 Bought,Ramadan Iftar Buffet at Food Souk Restaurant,7.03030303,Get free Iftar for 1 if you buy 10!,99,79,20%
https://www.cobone.com/en/deals/food-dining-dubai/indian-pakistani-iftar-chicken-tikka-inn/171867,"data:image/png;base64,iVBORw0KGgoAAAANSUhEUgAAAAEAAAABCAQAAAC1HAwCAAAAC0lEQVR42mP8Xw8AAoMBgDTD2qgAAAAASUVORK5CYII=",Dubai,50 Bought,Indian/Pakistani Iftar at Chicken Tikka Inn,7.03030303,Valid at 6 locations in Dubai,80,59,26%
https://www.cobone.com/en/deals/food-dining-dubai/1-desi-iftar-buffet-koyla-lounge-karama-1-adult/172500,"data:image/png;base64,iVBORw0KGgoAAAANSUhEUgAAAAEAAAABCAQAAAC1HAwCAAAAC0lEQVR42mP8Xw8AAoMBgDTD2qgAAAAASUVORK5CYII=",Karama,9 Bought,Desi Iftar Buffet at Koyla Lounge and Cafe,7.03030303,With Rooh Afza and optional shisha!,100,59,41%
https://www.cobone.com/en/deals/food-dining-dubai/1-iftar-buffet-arabeska-szr-restaurant/172775,"data:image/png;base64,iVBORw0KGgoAAAANSUhEUgAAAAEAAAABCAQAAAC1HAwCAAAAC0lEQVR42mP8Xw8AAoMBgDTD2qgAAAAASUVORK5CYII=",Sheikh Zayed Road,5 Bought,Iftar Buffet + Ramadan Drinks at Arabeska SZR,7.03030303,International & Mediterranean dishes,149,89,40%
https://www.cobone.com/en/deals/food-dining-dubai/1-easter-brunch-the-spicery-wyndham-deira/173422,"data:image/png;base64,iVBORw0KGgoAAAANSUhEUgAAAAEAAAABCAQAAAC1HAwCAAAAC0lEQVR42mP8Xw8AAoMBgDTD2qgAAAAASUVORK5CYII=",Deira,4 Bought,Easter Brunch at Wyndham Deira,7.03030303,Valid on 31 March 2024,169,79,53%
https://www.cobone.com/en/deals/food-dining-dubai/1-eid-buffet-adult-ostro-dusitd2-kenz/175854,"data:image/png;base64,iVBORw0KGgoAAAANSUhEUgAAAAEAAAABCAQAAAC1HAwCAAAAC0lEQVR42mP8Xw8AAoMBgDTD2qgAAAAASUVORK5CYII=",Sheikh Zayed Road,0 Bought,Eid Lunch Buffet at DusitD2 Kenz Hotel,7.03030303,Valid on the 1st day of Eid,99,89,10%
https://www.cobone.com/en/deals/food-dining-dubai/1-eid-lunch-buffet-grand-stay-1-person/170840,"data:image/png;base64,iVBORw0KGgoAAAANSUhEUgAAAAEAAAABCAQAAAC1HAwCAAAAC0lEQVR42mP8Xw8AAoMBgDTD2qgAAAAASUVORK5CYII=",Sheikh Zayed Road,0 Bought,Eid Lunch Buffet at Grand Stay Hotel,7.03030303,"With live stations, magic show, music & more",180,136,24%
https://www.cobone.com/en/deals/food-dining-dubai/1-eid-lunch-dinner-landmark-grand-deira/175653,"data:image/png;base64,iVBORw0KGgoAAAANSUhEUgAAAAEAAAABCAQAAAC1HAwCAAAAC0lEQVR42mP8Xw8AAoMBgDTD2qgAAAAASUVORK5CYII=",Deira,0 Bought,Eid Dinner at Landmark Grand Deira,7.03030303,"Arabic, Indian & International buffet",65,45,31%
https://www.cobone.com/en/deals/food-dining-dubai/1-eid-buffet-ibis-styles-deira-soft-adult/175062,"data:image/png;base64,iVBORw0KGgoAAAANSUhEUgAAAAEAAAABCAQAAAC1HAwCAAAAC0lEQVR42mP8Xw8AAoMBgDTD2qgAAAAASUVORK5CYII=",Deira,0 Bought,Eid Buy 1 Get 1 at ibis Styles Dubai Deira,7.03030303,With live music & children's activities!,,179,
https://www.cobone.com/en/deals/food-dining-dubai/1-eid-buffet-th8-palm-adult/175522,"data:image/png;base64,iVBORw0KGgoAAAANSUhEUgAAAAEAAAABCAQAAAC1HAwCAAAAC0lEQVR42mP8Xw8AAoMBgDTD2qgAAAAASUVORK5CYII=",Dubai,0 Bought,Eid Dinner Buffet at TH8 the Palm,7.03030303,Valid during Eid,199,149,25%
https://www.cobone.com/en/deals/food-dining-dubai/1-eid-brunch-with-view-carlton-downtown/175646,"data:image/png;base64,iVBORw0KGgoAAAANSUhEUgAAAAEAAAABCAQAAAC1HAwCAAAAC0lEQVR42mP8Xw8AAoMBgDTD2qgAAAAASUVORK5CYII=",Sheikh Zayed Road,0 Bought,Eid Brunch With A View@Carlton Downtown Dubai,7.03030303,Juices and Soft Beverage,149,95,36%
https://www.cobone.com/en/deals/food-dining-dubai/1-eid-dinner-buffet-adagio-aparthotel-deira-adult/174331,"data:image/png;base64,iVBORw0KGgoAAAANSUhEUgAAAAEAAAABCAQAAAC1HAwCAAAAC0lEQVR42mP8Xw8AAoMBgDTD2qgAAAAASUVORK5CYII=",Deira,0 Bought,Flavorful Eid Feast at World Of Curries,7.03030303,"With drinks, live music & activities!",159,79,50%
https://www.cobone.com/en/deals/food-dining-dubai/1-eid-soft-package-adagio-aparthotel-deira-adult/174336,"data:image/png;base64,iVBORw0KGgoAAAANSUhEUgAAAAEAAAABCAQAAAC1HAwCAAAAC0lEQVR42mP8Xw8AAoMBgDTD2qgAAAAASUVORK5CYII=",Deira,0 Bought,Eid buy 1 get 1 at Adagio Aparthotel Deira,7.03030303,"With drinks, live music & activities!",,159,
https://www.cobone.com/en/deals/food-dining-dubai/multicuisine-buffet-crystal-plaza-al-majaz/172774,"data:image/png;base64,iVBORw0KGgoAAAANSUhEUgAAAAEAAAABCAQAAAC1HAwCAAAAC0lEQVR42mP8Xw8AAoMBgDTD2qgAAAAASUVORK5CYII=",Sharjah,50 Bought,Multi Cuisine Buffet @ Crystal Plaza Al Majaz,1,Daily lunch or dinner,99,69,30%
https://www.cobone.com/en/deals/food-dining-dubai/1-breakfast-buffet-studio-m-deira-1-adult/174341,"data:image/png;base64,iVBORw0KGgoAAAANSUhEUgAAAAEAAAABCAQAAAC1HAwCAAAAC0lEQVR42mP8Xw8AAoMBgDTD2qgAAAAASUVORK5CYII=",Deira,0 Bought,Breakfast Buffet at Studio M Arabian Plaza,7.03030303,discounts up to 55%,55,30,45%
https://www.cobone.com/en/deals/food-dining-dubai/1-international-breakfast-buffet-occidental-jadaf/171545,"data:image/png;base64,iVBORw0KGgoAAAANSUhEUgAAAAEAAAABCAQAAAC1HAwCAAAAC0lEQVR42mP8Xw8AAoMBgDTD2qgAAAAASUVORK5CYII=",Al Jaddaf,701 Bought,Breakfast Buffet @Occidental Al Jaddaf Hotel,8,Child option available,70,49,30%
https://www.cobone.com/en/deals/food-dining-dubai/1-food-drink-pool-beach-access-la-bamba-restaurant/175865,"data:image/png;base64,iVBORw0KGgoAAAANSUhEUgAAAAEAAAABCAQAAAC1HAwCAAAAC0lEQVR42mP8Xw8AAoMBgDTD2qgAAAAASUVORK5CYII=",Sharjah,0 Bought,Saturday Brunch at La Bamba Restaurant,7.03030303,Options with beverages available,250,200,20%
https://www.cobone.com/en/deals/food-dining-dubai/1-breakfast-buffet-orient-novotel-sharjah/175594,"data:image/png;base64,iVBORw0KGgoAAAANSUhEUgAAAAEAAAABCAQAAAC1HAwCAAAAC0lEQVR42mP8Xw8AAoMBgDTD2qgAAAAASUVORK5CYII=",Sharjah,715 Bought,Breakfast Buffet at Novotel Sharjah,14,Valid daily at Orient Restaurant,90,45,50%
https://www.cobone.com/en/deals/food-dining-dubai/1-indian-theme-night-buffet-novotel-sharjah/175596,"data:image/png;base64,iVBORw0KGgoAAAANSUhEUgAAAAEAAAABCAQAAAC1HAwCAAAAC0lEQVR42mP8Xw8AAoMBgDTD2qgAAAAASUVORK5CYII=",Sharjah,38 Bought,Desi Indian Night Buffet at Novotel Sharjah,7.03030303,Saturdays at Orient Restaurant,90,69,23%
https://www.cobone.com/en/deals/food-dining-dubai/1-5-star-saturday-brunch-sheraton-jbr/172153,"data:image/png;base64,iVBORw0KGgoAAAANSUhEUgAAAAEAAAABCAQAAAC1HAwCAAAAC0lEQVR42mP8Xw8AAoMBgDTD2qgAAAAASUVORK5CYII=",Marina/JBR,30 Bought,5-Star Dip And Dine Brunch at Sheraton JBR,2,Saturdays at Palm Garden!,399,169,58%
https://www.cobone.com/en/deals/food-dining-dubai/1-5-star-lunch-buffet-millennium-plaza-1-adult/172702,"data:image/png;base64,iVBORw0KGgoAAAANSUhEUgAAAAEAAAABCAQAAAC1HAwCAAAAC0lEQVR42mP8Xw8AAoMBgDTD2qgAAAAASUVORK5CYII=",Sheikh Zayed Road,60 Bought,5* Lunch Buffet at Millennium Plaza Downtown,7.03030303,International buffet with beverages,125,75,40%
https://www.cobone.com/en/deals/food-dining-dubai/1-breakfast-buffet-at-crystal-plaza-hotel-1-adult/172349,"data:image/png;base64,iVBORw0KGgoAAAANSUhEUgAAAAEAAAABCAQAAAC1HAwCAAAAC0lEQVR42mP8Xw8AAoMBgDTD2qgAAAAASUVORK5CYII=",Sharjah,0 Bought,Breakfast Buffet at Crystal Plaza Sharjah,7.03030303,"Valid daily, including the month of Ramadan",39,29,26%
https://www.cobone.com/en/deals/food-dining-dubai/1-seafood-asian-dinner-park-regis-kris-kin-1-adult/171158,"data:image/png;base64,iVBORw0KGgoAAAANSUhEUgAAAAEAAAABCAQAAAC1HAwCAAAAC0lEQVR42mP8Xw8AAoMBgDTD2qgAAAAASUVORK5CYII=",Karama,15 Bought,5* Theme Nights at Park Regis Kris Kin Hotel,7.03030303,Fridays & Saturdays at Kris with a View,160,99,38%
https://www.cobone.com/en/deals/food-dining-dubai/1-brunch-buffet-licious-restaurant-jlt-1-adult/171782,"data:image/png;base64,iVBORw0KGgoAAAANSUhEUgAAAAEAAAABCAQAAAC1HAwCAAAAC0lEQVR42mP8Xw8AAoMBgDTD2qgAAAAASUVORK5CYII=",JLT,138 Bought,"Daily Brunch Buffet at Licious, JLT",1,Child option available,100,59,41%
https://www.cobone.com/en/deals/food-dining-dubai/1-sunday-brunch-1-soft-al-bandar-rotana/175821,"data:image/png;base64,iVBORw0KGgoAAAANSUhEUgAAAAEAAAABCAQAAAC1HAwCAAAAC0lEQVR42mP8Xw8AAoMBgDTD2qgAAAAASUVORK5CYII=",Deira,1257 Bought,Sunday Brunch Buffet at 5* Al Bandar Rotana,29,Valid until 30 December 2024,179,99,45%
https://www.cobone.com/en/deals/food-dining-dubai/1-5-star-theme-night-buffet-movenpick/170764,"data:image/png;base64,iVBORw0KGgoAAAANSUhEUgAAAAEAAAABCAQAAAC1HAwCAAAAC0lEQVR42mP8Xw8AAoMBgDTD2qgAAAAASUVORK5CYII=",Oud Metha,180 Bought,Theme Night Buffets at 5* Movenpick Bur Dubai,2,Includes unlimited soft or house beverages,130,99,24%
https://www.cobone.com/en/deals/food-dining-dubai/dinner-buffet-the-market-restaurant-marina/171718,"data:image/png;base64,iVBORw0KGgoAAAANSUhEUgAAAAEAAAABCAQAAAC1HAwCAAAAC0lEQVR42mP8Xw8AAoMBgDTD2qgAAAAASUVORK5CYII=",Marina/JBR,14 Bought,"Breakfast Buffet at The Market, Pearl Marina",7.03030303,International buffet in Dubai Marina,79,45,43%
https://www.cobone.com/en/deals/food-dining-dubai/1-breakfast-pool-ibis-styles-dubai-deira-adult/168726,"data:image/png;base64,iVBORw0KGgoAAAANSUhEUgAAAAEAAAABCAQAAAC1HAwCAAAAC0lEQVR42mP8Xw8AAoMBgDTD2qgAAAAASUVORK5CYII=",Deira,51 Bought,Breakfast & Pool at Ibis Styles Deira,7.03030303,More Than 50% Discounts!,99,45,55%
https://www.cobone.com/en/deals/food-dining-dubai/1-romantic-set-dinner-aloft-palm-jumeirah/168387,"data:image/png;base64,iVBORw0KGgoAAAANSUhEUgAAAAEAAAABCAQAAAC1HAwCAAAAC0lEQVR42mP8Xw8AAoMBgDTD2qgAAAAASUVORK5CYII=",Palm Jumeirah,0 Bought,Aloft Romantic Dinner With a View,7.03030303,3-course set menu with Palm Jumeirah views,599,459,23%
https://www.cobone.com/en/deals/food-dining-dubai/1-5-star-iftar-adult-buffet-sheraton-jbr/169654,"data:image/png;base64,iVBORw0KGgoAAAANSUhEUgAAAAEAAAABCAQAAAC1HAwCAAAAC0lEQVR42mP8Xw8AAoMBgDTD2qgAAAAASUVORK5CYII=",Marina/JBR,783 Bought,5-Star Iftar Buffet at Sheraton JBR,12,"Ramadan juices, food stations, games & more",199,159,20%
https://www.cobone.com/en/deals/food-dining-dubai/1-5star-iftar-buffet-stella-di-mare/169733,"data:image/png;base64,iVBORw0KGgoAAAANSUhEUgAAAAEAAAABCAQAAAC1HAwCAAAAC0lEQVR42mP8Xw8AAoMBgDTD2qgAAAAASUVORK5CYII=",Dubai Marina,5 Bought,5*Iftar Buffet at Stella Di Mare Dubai Marina,7.03030303,With beverages for up to 4 adults,169,129,24%
https://www.cobone.com/en/deals/food-dining-dubai/1-lunch-khalidiya-palace-rayhaan/168596,"data:image/png;base64,iVBORw0KGgoAAAANSUhEUgAAAAEAAAABCAQAAAC1HAwCAAAAC0lEQVR42mP8Xw8AAoMBgDTD2qgAAAAASUVORK5CYII=",Dubai,1 Bought,Lunch @ Khalidia Palace Hotel Dubai by Mouroj,7.03030303,Valid daily,149,79,47%
https://www.cobone.com/en/deals/food-dining-dubai/1-international-iftar-buffet-the-market-restaurant/170718,"data:image/png;base64,iVBORw0KGgoAAAANSUhEUgAAAAEAAAABCAQAAAC1HAwCAAAAC0lEQVR42mP8Xw8AAoMBgDTD2qgAAAAASUVORK5CYII=",Marina/JBR,39 Bought,Iftar at The Market Restaurant Pearl Marina,3,Child option available,119,79,34%
https://www.cobone.com/en/deals/food-dining-dubai/1-breakfast-buffet-pool-access-hues-boutique-aed59/168418,"data:image/png;base64,iVBORw0KGgoAAAANSUhEUgAAAAEAAAABCAQAAAC1HAwCAAAAC0lEQVR42mP8Xw8AAoMBgDTD2qgAAAAASUVORK5CYII=",Deira,0 Bought,Breakfast buffet+pool access at Hues Boutique,7.03030303,Child Options Available,100,45,55%
https://www.cobone.com/en/deals/food-dining-dubai/1-5-star-iftar-elite-byblos-1-adult/170843,"data:image/png;base64,iVBORw0KGgoAAAANSUhEUgAAAAEAAAABCAQAAAC1HAwCAAAAC0lEQVR42mP8Xw8AAoMBgDTD2qgAAAAASUVORK5CYII=",Al Barsha,44 Bought,5* Ramadan Iftar Buffet @ Elite Byblos Hotel,7.03030303,All-you-can eat and drink buffet,99,79,20%
https://www.cobone.com/en/deals/food-dining-dubai/1-seafood-buffet-four-points-sheraton-sharjah/168608,"data:image/png;base64,iVBORw0KGgoAAAANSUhEUgAAAAEAAAABCAQAAAC1HAwCAAAAC0lEQVR42mP8Xw8AAoMBgDTD2qgAAAAASUVORK5CYII=",Sharjah,15 Bought,Seafood Night Buffet @Four Points by Sheraton,7.03030303,Valid every Friday & Saturday at Yasmina,199,129,35%
https://www.cobone.com/en/deals/food-dining-dubai/1-dinner-buffet-al-bandar-rotana/170898,"data:image/png;base64,iVBORw0KGgoAAAANSUhEUgAAAAEAAAABCAQAAAC1HAwCAAAAC0lEQVR42mP8Xw8AAoMBgDTD2qgAAAAASUVORK5CYII=",Deira,26 Bought,5* Dinner Buffet at Al Bandar Rotana,7.03030303,Inclusive of soft & house beverages,125,79,37%
https://www.cobone.com/en/deals/food-dining-dubai/1-international-dinner-buffet-centro-barsha/169665,"data:image/png;base64,iVBORw0KGgoAAAANSUhEUgAAAAEAAAABCAQAAAC1HAwCAAAAC0lEQVR42mP8Xw8AAoMBgDTD2qgAAAAASUVORK5CYII=",Al Barsha / TECOM,24 Bought,International Dinner Buffet at Centro Barsha,7.03030303,"Valid every Monday, Tuesday, and Thursday",109,59,46%
https://www.cobone.com/en/deals/food-dining-dubai/1-breakfast-pool-adagio-aparthotel-deira/168697,"data:image/png;base64,iVBORw0KGgoAAAANSUhEUgAAAAEAAAABCAQAAAC1HAwCAAAAC0lEQVR42mP8Xw8AAoMBgDTD2qgAAAAASUVORK5CYII=",Deira,32 Bought,Breakfast and Pool at Adagio Deira,7.03030303,Breakfast and pool access!,99,45,55%
https://www.cobone.com/en/deals/food-dining-dubai/1-theme-night-buffet-towers-rotana/168316,"data:image/png;base64,iVBORw0KGgoAAAANSUhEUgAAAAEAAAABCAQAAAC1HAwCAAAAC0lEQVR42mP8Xw8AAoMBgDTD2qgAAAAASUVORK5CYII=",Sheikh Zayed Road,56 Bought,Theme Night Buffet at Towers Rotana Dubai,7.03030303,Extended buffet with live cooking counters!,155,95,39%
https://www.cobone.com/en/deals/food-dining-dubai/1-breakfast-buffet-adult-hilton-garden-inn/170239,"data:image/png;base64,iVBORw0KGgoAAAANSUhEUgAAAAEAAAABCAQAAAC1HAwCAAAAC0lEQVR42mP8Xw8AAoMBgDTD2qgAAAAASUVORK5CYII=",Deira,4 Bought,Breakfast Buffet @Hilton Garden Inn Muraqabat,7.03030303,Includes pool access!,90,45,50%
https://www.cobone.com/en/deals/food-dining-dubai/1-adult-buffet-towers-rotana/168411,"data:image/png;base64,iVBORw0KGgoAAAANSUhEUgAAAAEAAAABCAQAAAC1HAwCAAAAC0lEQVR42mP8Xw8AAoMBgDTD2qgAAAAASUVORK5CYII=",Sheikh Zayed Road,120 Bought,Lunch Buffet at Towers Rotana Dubai,7.03030303,Drinks Included,115,70,39%
https://www.cobone.com/en/deals/food-dining-dubai/seafood-market-night-oaks-ibn-batuta-gate/168788,"data:image/png;base64,iVBORw0KGgoAAAANSUhEUgAAAAEAAAABCAQAAAC1HAwCAAAAC0lEQVR42mP8Xw8AAoMBgDTD2qgAAAAASUVORK5CYII=",Jebel Ali,23 Bought,"Seafood Night at Mistral, Oaks Ibn Battuta",7.03030303,Valid on Friday Only,199,139,30%
https://www.cobone.com/en/deals/food-dining-dubai/1-theme-night-seafood-tues-millennium-plaza-adult/169589,"data:image/png;base64,iVBORw0KGgoAAAANSUhEUgAAAAEAAAABCAQAAAC1HAwCAAAAC0lEQVR42mP8Xw8AAoMBgDTD2qgAAAAASUVORK5CYII=",Sheikh Zayed Road,0 Bought,Themed Nights Millennium Plaza Downtown,7.03030303,Themed Nights with beverages,299,209,30%
https://www.cobone.com/en/deals/food-dining-dubai/1-iftar-buffet-grand-central-hotel-1-adult/170988,"data:image/png;base64,iVBORw0KGgoAAAANSUhEUgAAAAEAAAABCAQAAAC1HAwCAAAAC0lEQVR42mP8Xw8AAoMBgDTD2qgAAAAASUVORK5CYII=",Deira,9 Bought,Grand Central Arabic & International Iftar,7.03030303,Valid during the Holy Month of Ramadan,74,59,20%
https://www.cobone.com/en/deals/food-dining-dubai/1-brunch-buffet-the-reatred-soft-beverages/168892,"data:image/png;base64,iVBORw0KGgoAAAANSUhEUgAAAAEAAAABCAQAAAC1HAwCAAAAC0lEQVR42mP8Xw8AAoMBgDTD2qgAAAAASUVORK5CYII=",Dubai,0 Bought,Brunch Buffet at The Retreat the Palm,7.03030303,With soft or house beverages!,299,189,37%
https://www.cobone.com/en/deals/food-dining-dubai/family-brunch-movenpick-downtown-dubai/168575,"data:image/png;base64,iVBORw0KGgoAAAANSUhEUgAAAAEAAAABCAQAAAC1HAwCAAAAC0lEQVR42mP8Xw8AAoMBgDTD2qgAAAAASUVORK5CYII=",Downtown,0 Bought,Saturday Brunch at Mövenpick Downtown,7.03030303,Saturdays At The Grazer,199,149,25%
https://www.cobone.com/en/deals/food-dining-dubai/lebanese-weekend-dinner-buffet-carlton-dowtown/169520,"data:image/png;base64,iVBORw0KGgoAAAANSUhEUgAAAAEAAAABCAQAAAC1HAwCAAAAC0lEQVR42mP8Xw8AAoMBgDTD2qgAAAAASUVORK5CYII=",Sheikh Zayed Road,4 Bought,Lebanese Weekend Dinner at Carlton Downtown,7.03030303,Oud Player and Singer,125,95,24%
https://www.cobone.com/en/deals/food-dining-dubai/1-friday-bbq-sunday-roast-movenpick-burdubai/167679,"data:image/png;base64,iVBORw0KGgoAAAANSUhEUgAAAAEAAAABCAQAAAC1HAwCAAAAC0lEQVR42mP8Xw8AAoMBgDTD2qgAAAAASUVORK5CYII=",Bur Dubai,152 Bought,Friday BBQ or Sunday Roast at The Garden,4,Friday & Sundays at Movenpick Bur Dubai,169,119,30%
https://www.cobone.com/en/deals/food-dining-dubai/1-business-lunch-buffet-centro-barsha-one-adult/169661,"data:image/png;base64,iVBORw0KGgoAAAANSUhEUgAAAAEAAAABCAQAAAC1HAwCAAAAC0lEQVR42mP8Xw8AAoMBgDTD2qgAAAAASUVORK5CYII=",Al Barsha / TECOM,15 Bought,Business Lunch for Up to 3 at Centro Barsha,7.03030303,International buffet with live station,79,42,47%
https://www.cobone.com/en/deals/food-dining-dubai/1-international-buffet-hilton-garden-inn-muraqabat/170244,"data:image/png;base64,iVBORw0KGgoAAAANSUhEUgAAAAEAAAABCAQAAAC1HAwCAAAAC0lEQVR42mP8Xw8AAoMBgDTD2qgAAAAASUVORK5CYII=",Deira,3 Bought,Dinner Buffet at Hilton Garden Inn Muraqabat,7.03030303,International buffet with beverages,89,62,30%
https://www.cobone.com/en/deals/food-dining-dubai/1-seafood-themed-buffet-the-retreat-adult/168779,"data:image/png;base64,iVBORw0KGgoAAAANSUhEUgAAAAEAAAABCAQAAAC1HAwCAAAAC0lEQVR42mP8Xw8AAoMBgDTD2qgAAAAASUVORK5CYII=",Dubai,0 Bought,Seafood & BBQ Night at The Retreat the Palm,7.03030303,Valid every Friday & Saturday!,260,179,31%
https://www.cobone.com/en/deals/food-dining-dubai/1-seafood-themed-night-tower-plaza/168422,"data:image/png;base64,iVBORw0KGgoAAAANSUhEUgAAAAEAAAABCAQAAAC1HAwCAAAAC0lEQVR42mP8Xw8AAoMBgDTD2qgAAAAASUVORK5CYII=",Sheikh Zayed Road,4 Bought,Seafood Themed Nights at Tower Plaza Hotel,7.03030303,Unlimited soft bevs & more!,179,129,28%
https://www.cobone.com/en/deals/food-dining-dubai/1-theme-night-buffet-the-retreat-adult/168889,"data:image/png;base64,iVBORw0KGgoAAAANSUhEUgAAAAEAAAABCAQAAAC1HAwCAAAAC0lEQVR42mP8Xw8AAoMBgDTD2qgAAAAASUVORK5CYII=",Dubai,0 Bought,Theme Night Buffet at The Retreat the Palm,7.03030303,"Pan-Asian, Italian & more!",230,159,31%
https://www.cobone.com/en/deals/food-dining-dubai/1-pool-aceess-f%26amp%3Bb-credit-skaf-hotels/168445,"data:image/png;base64,iVBORw0KGgoAAAANSUhEUgAAAAEAAAABCAQAAAC1HAwCAAAAC0lEQVR42mP8Xw8AAoMBgDTD2qgAAAAASUVORK5CYII=",Al Jaddaf,0 Bought,Pool Access + F&B Credit at SKAF Hotels,7.03030303,Available on weekends,,69,
https://www.cobone.com/en/deals/food-dining-dubai/1-breakfast-buffet-courtyard-al-barsha/170400,"data:image/png;base64,iVBORw0KGgoAAAANSUhEUgAAAAEAAAABCAQAAAC1HAwCAAAAC0lEQVR42mP8Xw8AAoMBgDTD2qgAAAAASUVORK5CYII=",Al Barsha / TECOM,25 Bought,Breakfast Buffet at Courtyard Al Barsha,7.03030303,"Live cooking station, hot drinks & more!",80,49,39%
https://www.cobone.com/en/deals/food-dining-dubai/1-breakfast-buffet-ctaste-centro-barsha-one-adult/169657,"data:image/png;base64,iVBORw0KGgoAAAANSUhEUgAAAAEAAAABCAQAAAC1HAwCAAAAC0lEQVR42mP8Xw8AAoMBgDTD2qgAAAAASUVORK5CYII=",Al Barsha,45 Bought,Breakfast Buffet For Up to 3 at Centro Barsha,7.03030303,Pancake & Waffle stations and more!,90,39,57%
https://www.cobone.com/en/deals/food-dining-dubai/1-friday-tandoori-night-centro-barsha/169668,"data:image/png;base64,iVBORw0KGgoAAAANSUhEUgAAAAEAAAABCAQAAAC1HAwCAAAAC0lEQVR42mP8Xw8AAoMBgDTD2qgAAAAASUVORK5CYII=",Al Barsha / TECOM,0 Bought,Tandoori Night at Centro Barsha,7.03030303,Fridays at c.taste Restaurant!,109,69,37%
https://www.cobone.com/en/deals/food-dining-dubai/1-saturday-brunch-movenpick-bur-dubai/167711,"data:image/png;base64,iVBORw0KGgoAAAANSUhEUgAAAAEAAAABCAQAAAC1HAwCAAAAC0lEQVR42mP8Xw8AAoMBgDTD2qgAAAAASUVORK5CYII=",Bur Dubai,420 Bought,Art of Brunch at 5* Movenpick Bur Dubai,5,Inclusive of unlimited soft or house beverage,249,169,32%
https://www.cobone.com/en/deals/food-dining-dubai/1-breakfast-buffet-four-points-production-city/167732,"data:image/png;base64,iVBORw0KGgoAAAANSUhEUgAAAAEAAAABCAQAAAC1HAwCAAAAC0lEQVR42mP8Xw8AAoMBgDTD2qgAAAAASUVORK5CYII=",Dubai production city,184 Bought,Breakfast Buffet @Four Points by Sheraton DPC,6,Daily at Wagah Border!,80,49,39%
https://www.cobone.com/en/deals/food-dining-dubai/1-breakfast-buffet-the-spicery-wyndham-deira/167333,"data:image/png;base64,iVBORw0KGgoAAAANSUhEUgAAAAEAAAABCAQAAAC1HAwCAAAAC0lEQVR42mP8Xw8AAoMBgDTD2qgAAAAASUVORK5CYII=",Deira,427 Bought,Breakfast Buffet & Pool @Wyndham Dubai Deira,8,Views of Deira Waterfront & Infinity Bridge,95,49,48%
https://www.cobone.com/en/deals/food-dining-dubai/1-sunday-brunch-al-bandar-rotana/167609,"data:image/png;base64,iVBORw0KGgoAAAANSUhEUgAAAAEAAAABCAQAAAC1HAwCAAAAC0lEQVR42mP8Xw8AAoMBgDTD2qgAAAAASUVORK5CYII=",Deira,1258 Bought,Sunday Brunch Buffet at 5* Al Bandar Rotana,29,Valid until 30 December 2024,179,109,39%
https://www.cobone.com/en/deals/food-dining-dubai/1-meat-lover-night-centro-barsha/167345,"data:image/png;base64,iVBORw0KGgoAAAANSUhEUgAAAAEAAAABCAQAAAC1HAwCAAAAC0lEQVR42mP8Xw8AAoMBgDTD2qgAAAAASUVORK5CYII=",Al Barsha / TECOM,80 Bought,Meat Lover Night at Centro Barsha,7.03030303,Wednesdays at c.taste,139,104,25%
https://www.cobone.com/en/deals/food-dining-dubai/1-dinner-buffet-coral-beach-sharjah/167751,"data:image/png;base64,iVBORw0KGgoAAAANSUhEUgAAAAEAAAABCAQAAAC1HAwCAAAAC0lEQVR42mP8Xw8AAoMBgDTD2qgAAAAASUVORK5CYII=",Sharjah,0 Bought,International Brunch at Coral Beach Resort,7.03030303,Daily at Cote Jardin Restaurant!,175,139,21%
https://www.cobone.com/en/deals/food-dining-dubai/business-lunch-swissotel-al-ghurair/167666,"data:image/png;base64,iVBORw0KGgoAAAANSUhEUgAAAAEAAAABCAQAAAC1HAwCAAAAC0lEQVR42mP8Xw8AAoMBgDTD2qgAAAAASUVORK5CYII=",Deira,336 Bought,5* Swissôtel Business Lunch Buffet,2,Monday to Friday at Liwan Restaurant,99,69,30%
https://www.cobone.com/en/deals/food-dining-dubai/1-friday-seafood-bbq-adagio-premium-palm/167854,"data:image/png;base64,iVBORw0KGgoAAAANSUhEUgAAAAEAAAABCAQAAAC1HAwCAAAAC0lEQVR42mP8Xw8AAoMBgDTD2qgAAAAASUVORK5CYII=",Palm Jumeirah,399 Bought,Friday Seafood BBQ at Adagio Premium The Palm,2,Unlimited seafood with drinks at Fixie Café,149,109,27%
https://www.cobone.com/en/deals/food-dining-dubai/1-lunch-buffet-coral-beach-sharjah/167675,"data:image/png;base64,iVBORw0KGgoAAAANSUhEUgAAAAEAAAABCAQAAAC1HAwCAAAAC0lEQVR42mP8Xw8AAoMBgDTD2qgAAAAASUVORK5CYII=",Sharjah,61 Bought,Lunch Buffet + Beverages @Coral Beach Resort,3,Options available for up to 4 adults,114,99,13%
https://www.cobone.com/en/deals/food-dining-dubai/1-asian-night-the-spicery-wyndham-deira/167497,"data:image/png;base64,iVBORw0KGgoAAAANSUhEUgAAAAEAAAABCAQAAAC1HAwCAAAAC0lEQVR42mP8Xw8AAoMBgDTD2qgAAAAASUVORK5CYII=",Deira,72 Bought,Asian Night at Wyndham Dubai Deira,1,Thursdays at The spicery!,119,69,42%
https://www.cobone.com/en/deals/food-dining-dubai/1-dinner-buffet-vintage-soft-adult/166948,"data:image/png;base64,iVBORw0KGgoAAAANSUhEUgAAAAEAAAABCAQAAAC1HAwCAAAAC0lEQVR42mP8Xw8AAoMBgDTD2qgAAAAASUVORK5CYII=",Dubai,0 Bought,Dinner Buffet at Vintage Grand Hotel,7.03030303,Soft & house beverages included!,155,108,30%
https://www.cobone.com/en/deals/food-dining-dubai/1-sheraton-jbr-theme-buffet/167730,"data:image/png;base64,iVBORw0KGgoAAAANSUhEUgAAAAEAAAABCAQAAAC1HAwCAAAAC0lEQVR42mP8Xw8AAoMBgDTD2qgAAAAASUVORK5CYII=",Marina/JBR,1710 Bought,Theme Night Buffet at 5* Sheraton JBR,14,6 Days 6 Themes,190,129,32%
https://www.cobone.com/en/deals/food-dining-dubai/1-saturday-brunch-aloft-palm-jumeirah/167562,"data:image/png;base64,iVBORw0KGgoAAAANSUhEUgAAAAEAAAABCAQAAAC1HAwCAAAAC0lEQVR42mP8Xw8AAoMBgDTD2qgAAAAASUVORK5CYII=",Palm Jumeirah,139 Bought,Aloha Feast Brunch at Aloft Palm Jumeirah,1,Saturday brunch with pool & beach access!,199,175,12%
https://www.cobone.com/en/deals/food-dining-dubai/1-indian-night-the-spicery-wyndham-deira/167328,"data:image/png;base64,iVBORw0KGgoAAAANSUhEUgAAAAEAAAABCAQAAAC1HAwCAAAAC0lEQVR42mP8Xw8AAoMBgDTD2qgAAAAASUVORK5CYII=",Deira,47 Bought,Indian Theme Night at Wyndham Dubai Deira,3,Saturdays at The spicery,139,79,43%
https://www.cobone.com/en/deals/food-dining-dubai/1-brunch-dinner-buffet-licious-restaurant-jlt/168049,"data:image/png;base64,iVBORw0KGgoAAAANSUhEUgAAAAEAAAABCAQAAAC1HAwCAAAAC0lEQVR42mP8Xw8AAoMBgDTD2qgAAAAASUVORK5CYII=",JLT,141 Bought,"Daily Brunch Or Dinner Buffet at Licious, JLT",1,Child option available,100,59,41%
https://www.cobone.com/en/deals/food-dining-dubai/1-dinner-buffet-bahi-ajman-palace-hotel/167759,"data:image/png;base64,iVBORw0KGgoAAAANSUhEUgAAAAEAAAABCAQAAAC1HAwCAAAAC0lEQVR42mP8Xw8AAoMBgDTD2qgAAAAASUVORK5CYII=",Ajman,104 Bought,Dinner Buffet at 5* Bahi Ajman Palace Hotel,7.03030303,Inclusive of soft drinks,145,122,16%
https://www.cobone.com/en/deals/food-dining-dubai/1-5-star-dinner-buffet-swissotel-alghurair/167381,"data:image/png;base64,iVBORw0KGgoAAAANSUhEUgAAAAEAAAABCAQAAAC1HAwCAAAAC0lEQVR42mP8Xw8AAoMBgDTD2qgAAAAASUVORK5CYII=",Deira,770 Bought,5-Star Weekday Dinner Buffet at Swissôtel,7,International buffet with soft beverages!,129,89,31%
https://www.cobone.com/en/deals/food-dining-dubai/1-dinner-buffet-courtyard-al-barsha/166531,"data:image/png;base64,iVBORw0KGgoAAAANSUhEUgAAAAEAAAABCAQAAAC1HAwCAAAAC0lEQVR42mP8Xw8AAoMBgDTD2qgAAAAASUVORK5CYII=",Al Barsha / TECOM,6 Bought,Dinner Buffet at Courtyard Al Barsha,7.03030303,Valid on Saturday only,160,79,51%
https://www.cobone.com/en/deals/food-dining-dubai/sunday-asian-brunch-crowne-plaza-deira/167496,"data:image/png;base64,iVBORw0KGgoAAAANSUhEUgAAAAEAAAABCAQAAAC1HAwCAAAAC0lEQVR42mP8Xw8AAoMBgDTD2qgAAAAASUVORK5CYII=",Deira,164 Bought,5* All Asian Brunch @Crowne Plaza Dubai Deira,3,Sundays at Spice Island!,149,109,27%
https://www.cobone.com/en/deals/food-dining-dubai/1-sushi-seafood-asian-buffet-crowneplaza-jumeirah/168255,"data:image/png;base64,iVBORw0KGgoAAAANSUhEUgAAAAEAAAABCAQAAAC1HAwCAAAAC0lEQVR42mP8Xw8AAoMBgDTD2qgAAAAASUVORK5CYII=",Jumeirah/Umm Suqeim,332 Bought,Theme Nights at Crowne Plaza Dubai Jumeirah,2,"Sushi Night, Seafood Night, or Asian Night",159,119,25%
https://www.cobone.com/en/deals/food-dining-dubai/1-theme-night-dinner-aloft-palm-jumeirah/167559,"data:image/png;base64,iVBORw0KGgoAAAANSUhEUgAAAAEAAAABCAQAAAC1HAwCAAAAC0lEQVR42mP8Xw8AAoMBgDTD2qgAAAAASUVORK5CYII=",Palm Jumeirah,161 Bought,Theme Nights Buffet at Aloft Palm Jumeirah,1,"Asian, Italian, American & More!",149,99,34%
https://www.cobone.com/en/deals/food-dining-dubai/1-dinner-buffet-coral-beach-sharjah/167744,"data:image/png;base64,iVBORw0KGgoAAAANSUhEUgAAAAEAAAABCAQAAAC1HAwCAAAAC0lEQVR42mP8Xw8AAoMBgDTD2qgAAAAASUVORK5CYII=",Sharjah,69 Bought,Coral Beach Resort Dinner Buffet + Beverages,3,International buffet with drinks for up to 4,125,105,16%
https://www.cobone.com/en/deals/food-dining-dubai/1-aloft-palm-jumeirah-dinner-buffet/167568,"data:image/png;base64,iVBORw0KGgoAAAANSUhEUgAAAAEAAAABCAQAAAC1HAwCAAAAC0lEQVR42mP8Xw8AAoMBgDTD2qgAAAAASUVORK5CYII=",Palm Jumeirah,641 Bought,East and Seaboard Dinner @Aloft Palm Jumeirah,16,Includes unlimited soft beverages,129,89,31%
https://www.cobone.com/en/deals/food-dining-dubai/1-lunch-buffet-set-menu-wyndham-deira/167336,"data:image/png;base64,iVBORw0KGgoAAAANSUhEUgAAAAEAAAABCAQAAAC1HAwCAAAAC0lEQVR42mP8Xw8AAoMBgDTD2qgAAAAASUVORK5CYII=",Deira,58 Bought,Lunch And Pool Access @ Wyndham Dubai Deira,2,Daily buffets & set menu at The Spicery!,105,79,25%
https://www.cobone.com/en/deals/food-dining-dubai/1-saturday-drunch-sunday-brunch-centro-barsha/167349,"data:image/png;base64,iVBORw0KGgoAAAANSUhEUgAAAAEAAAABCAQAAAC1HAwCAAAAC0lEQVR42mP8Xw8AAoMBgDTD2qgAAAAASUVORK5CYII=",Al Barsha / TECOM,473 Bought,Centro Saturday Drunch Or Sunday Brunch,5,Inclusive of soft and house beverages,119,79,34%
https://www.cobone.com/en/deals/food-dining-dubai/1-lunch-buffet-arabesque-bahi-ajman-palace/167755,"data:image/png;base64,iVBORw0KGgoAAAANSUhEUgAAAAEAAAABCAQAAAC1HAwCAAAAC0lEQVR42mP8Xw8AAoMBgDTD2qgAAAAASUVORK5CYII=",Ajman,114 Bought,Lunch Buffet at 5* Bahi Ajman Palace Hotel,4,Valid at Arabesque Restaurant,125,106,15%
https://www.cobone.com/en/deals/food-dining-dubai/1-dinner-buffet-adult-blooms-ava/168129,"data:image/png;base64,iVBORw0KGgoAAAANSUhEUgAAAAEAAAABCAQAAAC1HAwCAAAAC0lEQVR42mP8Xw8AAoMBgDTD2qgAAAAASUVORK5CYII=",Business Bay,4 Bought,Dinner Buffet with Burj Views at Blooms Ava,1,Child option available,149,99,34%
https://www.cobone.com/en/deals/food-dining-dubai/1-breakfast-buffet-tamani-marina-adult/166389,"data:image/png;base64,iVBORw0KGgoAAAANSUhEUgAAAAEAAAABCAQAAAC1HAwCAAAAC0lEQVR42mP8Xw8AAoMBgDTD2qgAAAAASUVORK5CYII=",Marina/JBR,0 Bought,Breakfast Buffet at Tamani Marina,7.03030303,Beverages included!,99,72,27%
https://www.cobone.com/en/deals/food-dining-dubai/1-sunday-brunch-gypsy-chinese-jumeira-rotana/155700,"data:image/png;base64,iVBORw0KGgoAAAANSUhEUgAAAAEAAAABCAQAAAC1HAwCAAAAC0lEQVR42mP8Xw8AAoMBgDTD2qgAAAAASUVORK5CYII=",Satwa,18 Bought,"Sunday Brunch @Gypsy Chinese, Jumeira Rotana",7.03030303,Indo Chinese buffet with unlimited drinks!,225,99,56%
https://www.cobone.com/en/deals/food-dining-dubai/1-weekend-brunch-radisson-blu-deira-creek/166288,"data:image/png;base64,iVBORw0KGgoAAAANSUhEUgAAAAEAAAABCAQAAAC1HAwCAAAAC0lEQVR42mP8Xw8AAoMBgDTD2qgAAAAASUVORK5CYII=",Deira,317 Bought,5* Weekend Brunch at Radisson Blu Deira Creek,7,Over 200 dishes with drinks every Saturday!,225,119,47%
https://www.cobone.com/en/deals/food-dining-dubai/1-theme-food-buffet-crowne-plaza-deira/162647,"data:image/png;base64,iVBORw0KGgoAAAANSUhEUgAAAAEAAAABCAQAAAC1HAwCAAAAC0lEQVR42mP8Xw8AAoMBgDTD2qgAAAAASUVORK5CYII=",Deira,689 Bought,Theme Buffet at 5* Crowne Plaza Dubai - Deira,10,"Seafood, grill & over 200 dishes & beverages",225,109,52%
https://www.cobone.com/en/deals/food-dining-dubai/1-5-star-brunch-swissotel-al-ghurair/162947,"data:image/png;base64,iVBORw0KGgoAAAANSUhEUgAAAAEAAAABCAQAAAC1HAwCAAAAC0lEQVR42mP8Xw8AAoMBgDTD2qgAAAAASUVORK5CYII=",Deira,115 Bought,5-Star Around The World Brunch at Swissôtel,1,"Mix seafood , Beef Wellington & more!",159,127,20%
https://www.cobone.com/en/deals/food-dining-dubai/1-indian-night-buffet-s-hotel-barsha/163285,"data:image/png;base64,iVBORw0KGgoAAAANSUhEUgAAAAEAAAABCAQAAAC1HAwCAAAAC0lEQVR42mP8Xw8AAoMBgDTD2qgAAAAASUVORK5CYII=",Al Barsha South,28 Bought,Indian Spice Night at The S Hotel Al Barsha,1,Fridays at Fusion Restaurant!,89,69,22%
https://www.cobone.com/en/deals/food-dining-dubai/1-pool-beach-access-lunch-sheraton-sharjah/162802,"data:image/png;base64,iVBORw0KGgoAAAANSUhEUgAAAAEAAAABCAQAAAC1HAwCAAAAC0lEQVR42mP8Xw8AAoMBgDTD2qgAAAAASUVORK5CYII=",Sharjah,406 Bought,5* Pool & Beach + Lunch at Sheraton Sharjah,5,Available all days!,350,175,50%
https://www.cobone.com/en/deals/food-dining-dubai/1-breakfast-buffet-pool-access-ramada-jbr/162462,"data:image/png;base64,iVBORw0KGgoAAAANSUhEUgAAAAEAAAABCAQAAAC1HAwCAAAAC0lEQVR42mP8Xw8AAoMBgDTD2qgAAAAASUVORK5CYII=",Marina/JBR,88 Bought,Breakfast & Pool at Ramada Hotel & Suites JBR,1,International buffet with beverages,120,89,26%
https://www.cobone.com/en/deals/food-dining-dubai/1-millennium-barsha-seafood-buffet/164045,"data:image/png;base64,iVBORw0KGgoAAAANSUhEUgAAAAEAAAABCAQAAAC1HAwCAAAAC0lEQVR42mP8Xw8AAoMBgDTD2qgAAAAASUVORK5CYII=",Al Barsha/Barsha Heights,344 Bought,Friday Seafood Night with Soft Drinks,9,Millennium Place Barsha Heights Hotel,175,119,32%
https://www.cobone.com/en/deals/food-dining-dubai/1-seafood-buffet-occidental-jadaf/162863,"data:image/png;base64,iVBORw0KGgoAAAANSUhEUgAAAAEAAAABCAQAAAC1HAwCAAAAC0lEQVR42mP8Xw8AAoMBgDTD2qgAAAAASUVORK5CYII=",Al Jaddaf,51 Bought,Seafood Buffet @ Occidental Al Jaddaf Hotel,7.03030303,Valid on Saturday only,139,89,36%
https://www.cobone.com/en/deals/food-dining-dubai/1-sunday-brunch-buffet-s-hotel-barsha/161846,"data:image/png;base64,iVBORw0KGgoAAAANSUhEUgAAAAEAAAABCAQAAAC1HAwCAAAAC0lEQVR42mP8Xw8AAoMBgDTD2qgAAAAASUVORK5CYII=",Al Barsha South,53 Bought,Sunday Brunch Buffet at The S Hotel Al Barsha,7.03030303,International buffet with beverages,79,59,25%
https://www.cobone.com/en/deals/food-dining-dubai/1-indian-night-buffet-movenpick-al-mamzar-adult/164885,"data:image/png;base64,iVBORw0KGgoAAAANSUhEUgAAAAEAAAABCAQAAAC1HAwCAAAAC0lEQVR42mP8Xw8AAoMBgDTD2qgAAAAASUVORK5CYII=",Al Mamzar,19 Bought,Indian Night & Pool at Movenpick Al Mamzar,7.03030303,Fridays at Spices Restaurant!,179,69,61%
https://www.cobone.com/en/deals/food-dining-dubai/1-sunday-brunch-buffet-beverages-peaches-cream/163520,"data:image/png;base64,iVBORw0KGgoAAAANSUhEUgAAAAEAAAABCAQAAAC1HAwCAAAAC0lEQVR42mP8Xw8AAoMBgDTD2qgAAAAASUVORK5CYII=",Palm Jumeirah,22 Bought,Sunday Brunch Buffet at Peaches & Cream,7.03030303,Unlimited beverages included!,350,297,15%
https://www.cobone.com/en/deals/food-dining-dubai/1-occidental-al-jaddaf-hotel-arabic-nights/163020,"data:image/png;base64,iVBORw0KGgoAAAANSUhEUgAAAAEAAAABCAQAAAC1HAwCAAAAC0lEQVR42mP8Xw8AAoMBgDTD2qgAAAAASUVORK5CYII=",Al Jaddaf,152 Bought,Friday Arabic Buffet at Occidental Al Jaddaf,1,Family option available,120,75,38%
https://www.cobone.com/en/deals/food-dining-dubai/1-afternoon-tea-coffee-at-Speranza-sharjah/163749,"data:image/png;base64,iVBORw0KGgoAAAANSUhEUgAAAAEAAAABCAQAAAC1HAwCAAAAC0lEQVR42mP8Xw8AAoMBgDTD2qgAAAAASUVORK5CYII=",Sharjah,0 Bought,Afternoon Tea at Speranza Sports Bar,7.03030303,Afternoon Tea Break,100,59,41%
https://www.cobone.com/en/deals/food-dining-dubai/1-5-star-saturday-brunch-tower-plaza/162029,"data:image/png;base64,iVBORw0KGgoAAAANSUhEUgAAAAEAAAABCAQAAAC1HAwCAAAAC0lEQVR42mP8Xw8AAoMBgDTD2qgAAAAASUVORK5CYII=",Sheikh Zayed Road,34 Bought,5-Star Saturday Brunch at Tower Plaza Hotel,7.03030303,Unlimited soft bevs & more!,129,103,20%
https://www.cobone.com/en/deals/food-dining-dubai/1-thali-dinner-doubletree-m-square-adult-veg/165264,"data:image/png;base64,iVBORw0KGgoAAAANSUhEUgAAAAEAAAABCAQAAAC1HAwCAAAAC0lEQVR42mP8Xw8AAoMBgDTD2qgAAAAASUVORK5CYII=",Bur Dubai,3 Bought,5* Thali Dinner at The Spice Tree,7.03030303,Veg & Non-veg options available!,89,65,27%
https://www.cobone.com/en/deals/food-dining-dubai/1-asian-night-buffet-s19-al-jaddaf/163280,"data:image/png;base64,iVBORw0KGgoAAAANSUhEUgAAAAEAAAABCAQAAAC1HAwCAAAAC0lEQVR42mP8Xw8AAoMBgDTD2qgAAAAASUVORK5CYII=",Al Jadaf,150 Bought,Asian Night Buffet at S19 Hotel Al Jaddaf,1,Child option available,80,59,26%
https://www.cobone.com/en/deals/food-dining-dubai/1-dinner-buffet-ramada-hotel-jbr/162623,"data:image/png;base64,iVBORw0KGgoAAAANSUhEUgAAAAEAAAABCAQAAAC1HAwCAAAAC0lEQVR42mP8Xw8AAoMBgDTD2qgAAAAASUVORK5CYII=",Marina/JBR,41 Bought,International Dinner buffet @Ramada Hotel JBR,7.03030303,Unlimited soft beverages included!,159,109,31%
https://www.cobone.com/en/deals/food-dining-dubai/1-breakfast-buffet-pool-moka-villa-rotana/162688,"data:image/png;base64,iVBORw0KGgoAAAANSUhEUgAAAAEAAAABCAQAAAC1HAwCAAAAC0lEQVR42mP8Xw8AAoMBgDTD2qgAAAAASUVORK5CYII=",Sheikh Zayed Road,53 Bought,Weekend Breakfast & Pool Access @Villa Rotana,7.03030303,Includes unlimited soft beverages,180,69,62%
https://www.cobone.com/en/deals/food-dining-dubai/1-breakfast-doubletree-by-hilton-gastro-kitchen/162410,"data:image/png;base64,iVBORw0KGgoAAAANSUhEUgAAAAEAAAABCAQAAAC1HAwCAAAAC0lEQVR42mP8Xw8AAoMBgDTD2qgAAAAASUVORK5CYII=",Marina/JBR,197 Bought,Breakfast at DoubleTree by Hilton Dubai,2,Pool and beach access available,136,89,35%
https://www.cobone.com/en/deals/food-dining-dubai/1-friday-seafood-buffet-wyndham-residences-palm/164083,"data:image/png;base64,iVBORw0KGgoAAAANSUhEUgAAAAEAAAABCAQAAAC1HAwCAAAAC0lEQVR42mP8Xw8AAoMBgDTD2qgAAAAASUVORK5CYII=",The Palm,52 Bought,5*Seafood Buffet @Wyndham Residences The Palm,7.03030303,Valid every Friday and Saturdays!,199,139,30%
https://www.cobone.com/en/deals/food-dining-dubai/1-lunch-dinner-buffet-signature-barsha-heights/162848,"data:image/png;base64,iVBORw0KGgoAAAANSUhEUgAAAAEAAAABCAQAAAC1HAwCAAAAC0lEQVR42mP8Xw8AAoMBgDTD2qgAAAAASUVORK5CYII=",Al Barsha/Barsha Heights,30 Bought,"Lunch/Dinner Buffet at Xandros, Signature 1",7.03030303,International dishes with soft drinks,99,70,29%
https://www.cobone.com/en/deals/food-dining-dubai/1-unlimited-sushi-two-seasons-hotel/164865,"data:image/png;base64,iVBORw0KGgoAAAANSUhEUgAAAAEAAAABCAQAAAC1HAwCAAAAC0lEQVR42mP8Xw8AAoMBgDTD2qgAAAAASUVORK5CYII=",Dubai Internet City,776 Bought,All You Can Eat Sushi @ Two Seasons Hotel,15,Unlimited sushi & sashimi with drinks!,140,99,29%
https://www.cobone.com/en/deals/food-dining-dubai/1-breakfast-buffet-pool-moka-villa-rotana/162954,"data:image/png;base64,iVBORw0KGgoAAAANSUhEUgAAAAEAAAABCAQAAAC1HAwCAAAAC0lEQVR42mP8Xw8AAoMBgDTD2qgAAAAASUVORK5CYII=",Sheikh Zayed Road,138 Bought,Weekday Breakfast & Pool Access @Villa Rotana,4,Includes unlimited soft beverages,180,59,67%
https://www.cobone.com/en/deals/food-dining-dubai/1-friday-dinner-buffet-radisson-blu-deira/161965,"data:image/png;base64,iVBORw0KGgoAAAANSUhEUgAAAAEAAAABCAQAAAC1HAwCAAAAC0lEQVR42mP8Xw8AAoMBgDTD2qgAAAAASUVORK5CYII=",Deira,133 Bought,5* Friday Dinner at Radisson Blu Deira Creek,5,"Buffet with live stations, drinks & more!",225,119,47%
https://www.cobone.com/en/deals/food-dining-dubai/1-saturday-brunch-crowne-plaza-deira/162621,"data:image/png;base64,iVBORw0KGgoAAAANSUhEUgAAAAEAAAABCAQAAAC1HAwCAAAAC0lEQVR42mP8Xw8AAoMBgDTD2qgAAAAASUVORK5CYII=",Deira,334 Bought,"5*Saturday Brunch @Spice Island, Crowne Plaza",5,Over 200 dishes with unlimited soft beverages,225,129,43%
https://www.cobone.com/en/deals/food-dining-dubai/1-dinner-buffet-dubai-marriott-WTC/164785,"data:image/png;base64,iVBORw0KGgoAAAANSUhEUgAAAAEAAAABCAQAAAC1HAwCAAAAC0lEQVR42mP8Xw8AAoMBgDTD2qgAAAAASUVORK5CYII=",Dubai,2119 Bought,Dinner Buffet at Courtyard by Marriott WTC,2,Valid Daily!,140,64,54%
https://www.cobone.com/en/deals/food-dining-dubai/1-overnight-stay-breakfast-deseret-rak-hotel/162823,"data:image/png;base64,iVBORw0KGgoAAAANSUhEUgAAAAEAAAABCAQAAAC1HAwCAAAAC0lEQVR42mP8Xw8AAoMBgDTD2qgAAAAASUVORK5CYII=",Ras al Khaimah,2 Bought,Stay and Safari @Ras Al Khaimah Hotel,7.03030303,Overnight stay with Breakfast and Safari,"1,056",499,53%
https://www.cobone.com/en/deals/food-dining-dubai/1-indian-theme-night-buffet-novotel-sharjah/161772,"data:image/png;base64,iVBORw0KGgoAAAANSUhEUgAAAAEAAAABCAQAAAC1HAwCAAAAC0lEQVR42mP8Xw8AAoMBgDTD2qgAAAAASUVORK5CYII=",Sharjah,32 Bought,Desi Indian Night Buffet at Novotel Sharjah,7.03030303,Saturdays at Orient Restaurant,90,69,23%
https://www.cobone.com/en/deals/food-dining-dubai/1-sunday-filipino-buffet-courtyard-marriott-wtc/164789,"data:image/png;base64,iVBORw0KGgoAAAANSUhEUgAAAAEAAAABCAQAAAC1HAwCAAAAC0lEQVR42mP8Xw8AAoMBgDTD2qgAAAAASUVORK5CYII=",Dubai,184 Bought,Filipino Theme Dinner at Marriott WTC Dubai,7.03030303,Valid Every Sunday with Unlimited Drinks!,120,59,51%
https://www.cobone.com/en/deals/food-dining-dubai/1-theme-night-dinner-millennium-barsha-heights/164263,"data:image/png;base64,iVBORw0KGgoAAAANSUhEUgAAAAEAAAABCAQAAAC1HAwCAAAAC0lEQVR42mP8Xw8AAoMBgDTD2qgAAAAASUVORK5CYII=",Barsha Heights/Tecom,481 Bought,Theme Nights @Millennium Place Barsha Heights,7.03030303,6 days 6 themes @ The M One Restaurant,149,99,34%
https://www.cobone.com/en/deals/food-dining-dubai/1-arabic-night-buffet-movenpick-al-mamzar/164892,"data:image/png;base64,iVBORw0KGgoAAAANSUhEUgAAAAEAAAABCAQAAAC1HAwCAAAAC0lEQVR42mP8Xw8AAoMBgDTD2qgAAAAASUVORK5CYII=",Al Mamzar,0 Bought,5-Star Arabic Night by Movenpick Al Mamzar,7.03030303,Saturdays at Spices Restaurant,119,79,34%
https://www.cobone.com/en/deals/food-dining-dubai/1-lunch-dinner-buffet-occidental-sharjah-grand/162617,"data:image/png;base64,iVBORw0KGgoAAAANSUhEUgAAAAEAAAABCAQAAAC1HAwCAAAAC0lEQVR42mP8Xw8AAoMBgDTD2qgAAAAASUVORK5CYII=",Sharjah,73 Bought,Lunch/Dinner Buffet @Occidental Sharjah Grand,7.03030303,Options with beverages available,99,79,20%
https://www.cobone.com/en/deals/food-dining-dubai/1-aseelah-dinner-buffet-radisson-blu-deira/162065,"data:image/png;base64,iVBORw0KGgoAAAANSUhEUgAAAAEAAAABCAQAAAC1HAwCAAAAC0lEQVR42mP8Xw8AAoMBgDTD2qgAAAAASUVORK5CYII=",Deira,93 Bought,Theme Night At ASEELAH Radisson Blu Deira,1,"Buffet with live stations, drinks & more!",199,99,50%
https://www.cobone.com/en/deals/food-dining-dubai/1-arabic-night-dinner-al-bandar-rotana-1pax/165180,"data:image/png;base64,iVBORw0KGgoAAAANSUhEUgAAAAEAAAABCAQAAAC1HAwCAAAAC0lEQVR42mP8Xw8AAoMBgDTD2qgAAAAASUVORK5CYII=",Deira,6 Bought,5* Arabic Night Dinner at Al Bandar Rotana,7.03030303,Happening every Friday!,222,111,50%
https://www.cobone.com/en/deals/food-dining-dubai/1-international-dinner-buffet-occidental-jadaf/161688,"data:image/png;base64,iVBORw0KGgoAAAANSUhEUgAAAAEAAAABCAQAAAC1HAwCAAAAC0lEQVR42mP8Xw8AAoMBgDTD2qgAAAAASUVORK5CYII=",Al Jaddaf,290 Bought,Dinner Buffet at Occidental Al Jaddaf Hotel,1,International buffet with juices,90,68,24%
https://www.cobone.com/en/deals/food-dining-dubai/breakfast-buffet-s-hotel-barsha/140443,"data:image/png;base64,iVBORw0KGgoAAAANSUhEUgAAAAEAAAABCAQAAAC1HAwCAAAAC0lEQVR42mP8Xw8AAoMBgDTD2qgAAAAASUVORK5CYII=",Al Barsha South,794 Bought,Breakfast Buffet at The S Hotel Al Barsha,11,Valid daily from 06:30 am to 10:30 am,55,29,47%
https://www.cobone.com/en/deals/food-dining-dubai/dinner-buffet-the-market-restaurant-marina/155749,"data:image/png;base64,iVBORw0KGgoAAAANSUhEUgAAAAEAAAABCAQAAAC1HAwCAAAAC0lEQVR42mP8Xw8AAoMBgDTD2qgAAAAASUVORK5CYII=",Marina/JBR,2840 Bought,Dinner Buffet at The Market Restaurant & Café,29,International buffet in Dubai Marina,99,59,40%
https://www.cobone.com/en/deals/food-dining-dubai/1-breakfast-buffet-pool-access-avani-ibnbattuta/161025,"data:image/png;base64,iVBORw0KGgoAAAANSUhEUgAAAAEAAAABCAQAAAC1HAwCAAAAC0lEQVR42mP8Xw8AAoMBgDTD2qgAAAAASUVORK5CYII=",Ibn Battuta Mall,4 Bought,Breakfast Buffet & Pool at Avani Ibn Battuta,7.03030303,Weekdays at Pele Pool Bar & Social Hub,169,99,41%
https://www.cobone.com/en/deals/food-dining-dubai/1-international-lunch-buffet-occidental-jaddaf/161677,"data:image/png;base64,iVBORw0KGgoAAAANSUhEUgAAAAEAAAABCAQAAAC1HAwCAAAAC0lEQVR42mP8Xw8AAoMBgDTD2qgAAAAASUVORK5CYII=",Al Jaddaf,201 Bought,Lunch Buffet at Occidental Al Jaddaf Hotel,7.03030303,International buffet with juices,90,68,24%
https://www.cobone.com/en/deals/food-dining-dubai/breakfast-buffet-s19-hotel-al-jaddaf/140444,"data:image/png;base64,iVBORw0KGgoAAAANSUhEUgAAAAEAAAABCAQAAAC1HAwCAAAAC0lEQVR42mP8Xw8AAoMBgDTD2qgAAAAASUVORK5CYII=",Al Jaddaf,1050 Bought,Breakfast Buffet at S19 Hotel Al Jaddaf,22,Valid daily from 07:00 am to 10:00 am,55,29,47%
https://www.cobone.com/en/deals/food-dining-dubai/lunch-dinner-buffet-byblos-hotel-barsha/160065,"data:image/png;base64,iVBORw0KGgoAAAANSUhEUgAAAAEAAAABCAQAAAC1HAwCAAAAC0lEQVR42mP8Xw8AAoMBgDTD2qgAAAAASUVORK5CYII=",Al Barsha,211 Bought,Lunch Or Dinner Buffet at Elite Byblos Hotel,7.03030303,International buffet with soft drinks,99,65,34%
https://www.cobone.com/en/deals/food-dining-dubai/breakfast-buffet-blooms-ava-restaurant/152071,"data:image/png;base64,iVBORw0KGgoAAAANSUhEUgAAAAEAAAABCAQAAAC1HAwCAAAAC0lEQVR42mP8Xw8AAoMBgDTD2qgAAAAASUVORK5CYII=",Business Bay,75 Bought,Breakfast Buffet at Blooms Ava Restaurant,7.03030303,Daily at 06:30 am to 11:00 am,90,54,40%
https://www.cobone.com/en/deals/food-dining-dubai/1-brunch-buffet-worlds-tallest-gevora-hotel/141866,"data:image/png;base64,iVBORw0KGgoAAAANSUhEUgAAAAEAAAABCAQAAAC1HAwCAAAAC0lEQVR42mP8Xw8AAoMBgDTD2qgAAAAASUVORK5CYII=",Sheikh Zayed Road,2080 Bought,"Brunch at Gevora, The World's Tallest Hotel",58,Valid on Saturdays & Sundays!,170,85,50%
https://www.cobone.com/en/deals/food-dining-dubai/1-buffets-pool-crystal-plaza-al-majaz/159207,"data:image/png;base64,iVBORw0KGgoAAAANSUhEUgAAAAEAAAABCAQAAAC1HAwCAAAAC0lEQVR42mP8Xw8AAoMBgDTD2qgAAAAASUVORK5CYII=",Sharjah,190 Bought,Buffets & Pool Access @Crystal Plaza Al Majaz,1,"Available for breakfast, lunch & dinner",120,49,59%
https://www.cobone.com/en/deals/food-dining-dubai/1-brunch-certo-radisson-dubai-media-city/159256,"data:image/png;base64,iVBORw0KGgoAAAANSUhEUgAAAAEAAAABCAQAAAC1HAwCAAAAC0lEQVR42mP8Xw8AAoMBgDTD2qgAAAAASUVORK5CYII=",Dubai Media City,108 Bought,"Italian Brunch at Certo, Radisson Blu DMC",7.03030303,Fridays & Saturdays at Certo!,209,149,29%
https://www.cobone.com/en/deals/food-dining-dubai/1-indian-theme-night-millennium-al-barsha/155880,"data:image/png;base64,iVBORw0KGgoAAAANSUhEUgAAAAEAAAABCAQAAAC1HAwCAAAAC0lEQVR42mP8Xw8AAoMBgDTD2qgAAAAASUVORK5CYII=",Al Barsha,119 Bought,Indian Theme Night at Millennium Al Barsha,7.03030303,Fridays at House of Colours,150,75,50%
https://www.cobone.com/en/deals/food-dining-dubai/breakfast-buffet-zahrat-golden-fork/149875,"data:image/png;base64,iVBORw0KGgoAAAANSUhEUgAAAAEAAAABCAQAAAC1HAwCAAAAC0lEQVR42mP8Xw8AAoMBgDTD2qgAAAAASUVORK5CYII=",Al Barsha,719 Bought,Breakfast Buffet at Golden Fork,5,Daily in Al Barsha branch!,45,29,36%
https://www.cobone.com/en/deals/food-dining-dubai/1-breakfast-buffet-pool-radisson-blu-ajman/155853,"data:image/png;base64,iVBORw0KGgoAAAANSUhEUgAAAAEAAAABCAQAAAC1HAwCAAAAC0lEQVR42mP8Xw8AAoMBgDTD2qgAAAAASUVORK5CYII=",Ajman,622 Bought,5*Breakfast & Pool Access @Radisson Blu Ajman,11,Child option available,85,65,24%
https://www.cobone.com/en/deals/food-dining-dubai/1-breakfast-lunch-pool-access-edge-creekside/155717,"data:image/png;base64,iVBORw0KGgoAAAANSUhEUgAAAAEAAAABCAQAAAC1HAwCAAAAC0lEQVR42mP8Xw8AAoMBgDTD2qgAAAAASUVORK5CYII=",Deira,122 Bought,Breakfast Or Lunch + Pool at Edge Creekside,6,Daily at Feta Restaurant!,115,68,41%
https://www.cobone.com/en/deals/food-dining-dubai/1-breakfast-buffet-emirates-stars-al-qusais/159505,"data:image/png;base64,iVBORw0KGgoAAAANSUhEUgAAAAEAAAABCAQAAAC1HAwCAAAAC0lEQVR42mP8Xw8AAoMBgDTD2qgAAAAASUVORK5CYII=",Al Qusais,55 Bought,Everyday Breakfast Buffet at Emirates Stars,1,Optional house product & billiards available,35,25,29%
https://www.cobone.com/en/deals/food-dining-dubai/1-friday-international-buffet-radisson-blu-ajman/158944,"data:image/png;base64,iVBORw0KGgoAAAANSUhEUgAAAAEAAAABCAQAAAC1HAwCAAAAC0lEQVR42mP8Xw8AAoMBgDTD2qgAAAAASUVORK5CYII=",Ajman,28 Bought,5* Friday Dinner Buffet at Radisson Blu Ajman,1,International buffet with soft beverages,129,99,23%
https://www.cobone.com/en/deals/food-dining-dubai/1-breakfast-buffet-emirates-stars-hotel/140050,"data:image/png;base64,iVBORw0KGgoAAAANSUhEUgAAAAEAAAABCAQAAAC1HAwCAAAAC0lEQVR42mP8Xw8AAoMBgDTD2qgAAAAASUVORK5CYII=",Al Qusais,95 Bought,Breakfast Buffet at Emirates Stars Hotel,7.03030303,"With fresh juices, hot & cold drinks",70,25,64%
https://www.cobone.com/en/deals/food-dining-dubai/1-seafood-buffet-brunch-movenpick-bur-dubai/152193,"data:image/png;base64,iVBORw0KGgoAAAANSUhEUgAAAAEAAAABCAQAAAC1HAwCAAAAC0lEQVR42mP8Xw8AAoMBgDTD2qgAAAAASUVORK5CYII=",Bur Dubai,88 Bought,5*Seafood Night Brunch at Movenpick Bur Dubai,2,Saturdays at The Fountain Restaurant!,199,149,25%
https://www.cobone.com/en/deals/food-dining-dubai/1-dinner-brunch-pool-ramada-barsha-heights/158477,"data:image/png;base64,iVBORw0KGgoAAAANSUhEUgAAAAEAAAABCAQAAAC1HAwCAAAAC0lEQVR42mP8Xw8AAoMBgDTD2qgAAAAASUVORK5CYII=",Al Barsha/Barsha Heights,77 Bought,BBQ Dinner Or Brunch at Ramada Barsha Heights,1,Saturday & Sundays with pool access!,130,85,35%
https://www.cobone.com/en/deals/food-dining-dubai/1-breakfast-buffet-millennium-al-barsha/155884,"data:image/png;base64,iVBORw0KGgoAAAANSUhEUgAAAAEAAAABCAQAAAC1HAwCAAAAC0lEQVR42mP8Xw8AAoMBgDTD2qgAAAAASUVORK5CYII=",Al Barsha,29 Bought,Breakfast Buffet at Millennium Al Barsha,7.03030303,Child option available,110,69,37%
https://www.cobone.com/en/deals/food-dining-dubai/saturday-mega-brunch-crowne-plaza-jumeirah/149686,"data:image/png;base64,iVBORw0KGgoAAAANSUhEUgAAAAEAAAABCAQAAAC1HAwCAAAAC0lEQVR42mP8Xw8AAoMBgDTD2qgAAAAASUVORK5CYII=",Jumeirah/Umm Suqeim,87 Bought,5* Mega Brunch at Crowne Plaza Dubai Jumeirah,7.03030303,Saturdays at Cuisines Restaurant!,229,129,44%
https://www.cobone.com/en/deals/food-dining-dubai/1-5-star-sunday-brunch-movenpick-jvt/159977,"data:image/png;base64,iVBORw0KGgoAAAANSUhEUgAAAAEAAAABCAQAAAC1HAwCAAAAC0lEQVR42mP8Xw8AAoMBgDTD2qgAAAAASUVORK5CYII=",Jumeirah Village Triangle,242 Bought,5-Star Sunday Brunch at Movenpick JVT,4,"Buffet, entertainment, kids waterpark & more!",145,115,21%
https://www.cobone.com/en/deals/food-dining-dubai/1-italian-theme-night-buffet-novotel-sharjah/138838,"data:image/png;base64,iVBORw0KGgoAAAANSUhEUgAAAAEAAAABCAQAAAC1HAwCAAAAC0lEQVR42mP8Xw8AAoMBgDTD2qgAAAAASUVORK5CYII=",Sharjah,112 Bought,Novotel Sharjah Italian Theme Night Buffet,5,Fridays at Orient Restaurant,90,69,23%
https://www.cobone.com/en/deals/food-dining-dubai/1-saturday-brunch-s-hotel-barsha/135207,"data:image/png;base64,iVBORw0KGgoAAAANSUhEUgAAAAEAAAABCAQAAAC1HAwCAAAAC0lEQVR42mP8Xw8AAoMBgDTD2qgAAAAASUVORK5CYII=",Al Barsha South,253 Bought,Saturday Brunch at The S Hotel Al Barsha,5,Buffet with drinks & access to swimming pool,75,59,21%
